Model,MAE,RMSE,R2
Random Forest,1.1706329113924052,1.97473322451841,0.8098238322966482
SVR,1.8366678536589518,2.7260297218073055,0.6375898115704411
KNN,2.5848101265822785,3.3926950565642415,0.4386562685587473
