Session,Model,RMSE Rank,MAE,RMSE,R2
25,Lasso,1,1.4177185198258482,2.226250695920411,0.7582940387167627
25,Elastic Net,2,1.5527751655662998,2.3312768612824923,0.7349505352072397
25,Ridge,3,1.6444571266159511,2.375772448076003,0.72473632217238
25,Linear Regression,4,1.64666561971475,2.3783697847961367,0.7241341236974022
