Model,MAE,RMSE,R2
Random Forest,1.1706329113924052,1.97473322451841,0.8098238322966482
