Model,MAE,RMSE,R2
Decision Tree,1.462154,2.652682,0.656830
Random Forest,1.196709,1.998125,0.805292
