rank,model,accuracy,precision,recall,f1,roc_auc
1,SVM,0.8354430379746836,0.7916666666666666,0.903846153846154,0.8785046728971962,0.9387464387464388
2,AdaBoost,0.9113924050632911,0.8571428571428571,0.8888888888888888,0.8727272727272727,0.9743589743589743
3,NB,0.8227848101265823,0.76,0.8846153846153846,0.8679245283018868,0.9002849002849003
4,logistic_metrics,0.8987341772151899,0.8275862068965517,0.8888888888888888,0.8571428571428571,0.9736467236467237
5,Logistic Regression,0.8987341772151899,0.8275862068965517,0.8888888888888888,0.8571428571428571,0.9736467236467237
6,KNN,0.7468354430379747,0.7058823529411765,0.903846153846154,0.8245614035087719,0.7393162393162394
7,GradBoost,0.8607594936708861,0.7857142857142857,0.8148148148148148,0.8,0.9608262108262108
