CV_Rank,Model,Evaluation,CV_Folds,CV_R2_Mean,CV_R2_Std,CV_MAE_Mean,CV_MAE_Std,CV_RMSE_Mean,CV_RMSE_Std,Session,Evaluation_Method,R2,MAE,RMSE,R2_Std,MAE_Std,RMSE_Std
1,Random Forest,5-Fold Cross-Validation,5,0.3071086521552336,0.03184401157372766,2.8451645569620254,0.2294619150547086,3.7807332792113018,0.2209915152319705,Session 41,5-Fold Cross-Validation,0.3071086521552336,2.8451645569620254,3.7807332792113018,0.03184401157372766,0.2294619150547086,0.2209915152319705
2,Gradient Boosting,5-Fold Cross-Validation,5,0.26274425801473944,0.07204515890455561,3.029596978042295,0.12871630339656204,3.8906393229452014,0.18222735696251766,Session 41,5-Fold Cross-Validation,0.26274425801473944,3.029596978042295,3.8906393229452014,0.07204515890455561,0.12871630339656204,0.18222735696251766
